<?xml version="1.0" encoding="UTF-8"?>
<export version="E">
  <design>
    <source>C:\Users\brejc\Documents\002_Skola\B0B13KEO\2023\ukazkovy_projekt\ukazkovy_projekt.kicad_sch</source>
    <date>10/24/2023 1:46:17 PM</date>
    <tool>Eeschema 7.0.8</tool>
    <sheet number="1" name="/" tstamps="/">
      <title_block>
        <title>Ukázkový projekt</title>
        <company>ČVUT v Praze, FEL</company>
        <rev>rev. 1.0</rev>
        <date>2021-10-11</date>
        <source>ukazkovy_projekt.kicad_sch</source>
        <comment number="1" value=""/>
        <comment number="2" value=""/>
        <comment number="3" value=""/>
        <comment number="4" value=""/>
        <comment number="5" value=""/>
        <comment number="6" value=""/>
        <comment number="7" value=""/>
        <comment number="8" value=""/>
        <comment number="9" value=""/>
      </title_block>
    </sheet>
  </design>
  <components>
    <comp ref="C1">
      <value>100u</value>
      <footprint>Capacitor_THT:C_Radial_D6.3mm_H5.0mm_P2.50mm</footprint>
      <libsource lib="Device" part="C_Polarized" description="Polarized capacitor"/>
      <property name="Sheetname" value=""/>
      <property name="Sheetfile" value="ukazkovy_projekt.kicad_sch"/>
      <property name="ki_description" value="Polarized capacitor"/>
      <property name="ki_keywords" value="cap capacitor"/>
      <sheetpath names="/" tstamps="/"/>
      <tstamps>f3c6650a-0ff8-4012-8002-6ad09c34a0b5</tstamps>
    </comp>
    <comp ref="C2">
      <value>10n</value>
      <footprint>Capacitor_THT:C_Rect_L7.0mm_W2.5mm_P5.00mm</footprint>
      <libsource lib="Device" part="C" description="Unpolarized capacitor"/>
      <property name="Sheetname" value=""/>
      <property name="Sheetfile" value="ukazkovy_projekt.kicad_sch"/>
      <property name="ki_description" value="Unpolarized capacitor"/>
      <property name="ki_keywords" value="cap capacitor"/>
      <sheetpath names="/" tstamps="/"/>
      <tstamps>f73b2446-168f-4a99-ad1a-a0fe6d7410cf</tstamps>
    </comp>
    <comp ref="D1">
      <value>LED</value>
      <footprint>LED_THT:LED_D3.0mm</footprint>
      <libsource lib="Device" part="LED" description="Light emitting diode"/>
      <property name="Sheetname" value=""/>
      <property name="Sheetfile" value="ukazkovy_projekt.kicad_sch"/>
      <property name="ki_description" value="Light emitting diode"/>
      <property name="ki_keywords" value="LED diode"/>
      <sheetpath names="/" tstamps="/"/>
      <tstamps>e406a20d-3b99-4885-96a4-d2c2c06cbd82</tstamps>
    </comp>
    <comp ref="D2">
      <value>LED</value>
      <footprint>LED_THT:LED_D3.0mm</footprint>
      <libsource lib="Device" part="LED" description="Light emitting diode"/>
      <property name="Sheetname" value=""/>
      <property name="Sheetfile" value="ukazkovy_projekt.kicad_sch"/>
      <property name="ki_description" value="Light emitting diode"/>
      <property name="ki_keywords" value="LED diode"/>
      <sheetpath names="/" tstamps="/"/>
      <tstamps>a4635962-2485-4ea4-bcd2-1b7e1a62c6f5</tstamps>
    </comp>
    <comp ref="J1">
      <value>Vstup</value>
      <footprint>Connector:FanPinHeader_1x03_P2.54mm_Vertical</footprint>
      <libsource lib="Connector" part="Conn_01x03_Pin" description="Generic connector, single row, 01x03, script generated"/>
      <property name="Sheetname" value=""/>
      <property name="Sheetfile" value="ukazkovy_projekt.kicad_sch"/>
      <property name="ki_description" value="Generic connector, single row, 01x03, script generated"/>
      <property name="ki_keywords" value="connector"/>
      <sheetpath names="/" tstamps="/"/>
      <tstamps>00000000-0000-0000-0000-0000616ee747</tstamps>
    </comp>
    <comp ref="J2">
      <value>Conn_01x02_Pin</value>
      <footprint>Connector_PinHeader_2.54mm:PinHeader_1x02_P2.54mm_Horizontal</footprint>
      <libsource lib="Connector" part="Conn_01x02_Pin" description="Generic connector, single row, 01x02, script generated"/>
      <property name="Sheetname" value=""/>
      <property name="Sheetfile" value="ukazkovy_projekt.kicad_sch"/>
      <property name="ki_description" value="Generic connector, single row, 01x02, script generated"/>
      <property name="ki_keywords" value="connector"/>
      <sheetpath names="/" tstamps="/"/>
      <tstamps>f11529ca-acb3-408f-84a1-33eb14802ff1</tstamps>
    </comp>
    <comp ref="R1">
      <value>10k</value>
      <footprint>Resistor_THT:R_Axial_DIN0207_L6.3mm_D2.5mm_P7.62mm_Horizontal</footprint>
      <libsource lib="Device" part="R" description="Resistor"/>
      <property name="Sheetname" value=""/>
      <property name="Sheetfile" value="ukazkovy_projekt.kicad_sch"/>
      <property name="ki_description" value="Resistor"/>
      <property name="ki_keywords" value="R res resistor"/>
      <sheetpath names="/" tstamps="/"/>
      <tstamps>00000000-0000-0000-0000-0000616e2a09</tstamps>
    </comp>
    <comp ref="R2">
      <value>10k</value>
      <footprint>Resistor_THT:R_Axial_DIN0207_L6.3mm_D2.5mm_P7.62mm_Horizontal</footprint>
      <libsource lib="Device" part="R" description="Resistor"/>
      <property name="Sheetname" value=""/>
      <property name="Sheetfile" value="ukazkovy_projekt.kicad_sch"/>
      <property name="ki_description" value="Resistor"/>
      <property name="ki_keywords" value="R res resistor"/>
      <sheetpath names="/" tstamps="/"/>
      <tstamps>00000000-0000-0000-0000-0000616e341d</tstamps>
    </comp>
    <comp ref="R3">
      <value>330R</value>
      <footprint>Resistor_THT:R_Axial_DIN0207_L6.3mm_D2.5mm_P7.62mm_Horizontal</footprint>
      <libsource lib="Device" part="R" description="Resistor"/>
      <property name="Sheetname" value=""/>
      <property name="Sheetfile" value="ukazkovy_projekt.kicad_sch"/>
      <property name="ki_description" value="Resistor"/>
      <property name="ki_keywords" value="R res resistor"/>
      <sheetpath names="/" tstamps="/"/>
      <tstamps>057072c7-e41d-4bdd-9d21-1f8588a16cc1</tstamps>
    </comp>
    <comp ref="R4">
      <value>330R</value>
      <footprint>Resistor_THT:R_Axial_DIN0207_L6.3mm_D2.5mm_P7.62mm_Horizontal</footprint>
      <libsource lib="Device" part="R" description="Resistor"/>
      <property name="Sheetname" value=""/>
      <property name="Sheetfile" value="ukazkovy_projekt.kicad_sch"/>
      <property name="ki_description" value="Resistor"/>
      <property name="ki_keywords" value="R res resistor"/>
      <sheetpath names="/" tstamps="/"/>
      <tstamps>a906403b-06ed-4ebc-a311-9535337f0c70</tstamps>
    </comp>
    <comp ref="R5">
      <value>1k</value>
      <footprint>Resistor_THT:R_Axial_DIN0207_L6.3mm_D2.5mm_P7.62mm_Horizontal</footprint>
      <libsource lib="Device" part="R" description="Resistor"/>
      <property name="Sheetname" value=""/>
      <property name="Sheetfile" value="ukazkovy_projekt.kicad_sch"/>
      <property name="ki_description" value="Resistor"/>
      <property name="ki_keywords" value="R res resistor"/>
      <sheetpath names="/" tstamps="/"/>
      <tstamps>d08b2da1-a812-4624-9037-4c19b1065d5b</tstamps>
    </comp>
    <comp ref="R6">
      <value>1k</value>
      <footprint>Resistor_THT:R_Axial_DIN0207_L6.3mm_D2.5mm_P7.62mm_Horizontal</footprint>
      <libsource lib="Device" part="R" description="Resistor"/>
      <property name="Sheetname" value=""/>
      <property name="Sheetfile" value="ukazkovy_projekt.kicad_sch"/>
      <property name="ki_description" value="Resistor"/>
      <property name="ki_keywords" value="R res resistor"/>
      <sheetpath names="/" tstamps="/"/>
      <tstamps>113031e3-90a4-4a16-bf3f-63b8cde5139e</tstamps>
    </comp>
    <comp ref="U1">
      <value>74HC74</value>
      <footprint>Package_DIP:DIP-14_W7.62mm</footprint>
      <datasheet>74xx/74hc_hct74.pdf</datasheet>
      <libsource lib="74xx" part="74HC74" description="Dual D Flip-flop, Set &amp; Reset"/>
      <property name="Sheetname" value=""/>
      <property name="Sheetfile" value="ukazkovy_projekt.kicad_sch"/>
      <property name="ki_description" value="Dual D Flip-flop, Set &amp; Reset"/>
      <property name="ki_keywords" value="TTL DFF"/>
      <sheetpath names="/" tstamps="/"/>
      <tstamps>00000000-0000-0000-0000-0000616deb46 00000000-0000-0000-0000-0000616dfadc 00000000-0000-0000-0000-0000616dc63e</tstamps>
    </comp>
  </components>
  <libparts>
    <libpart lib="74xx" part="74HC74">
      <description>Dual D Flip-flop, Set &amp; Reset</description>
      <docs>74xx/74hc_hct74.pdf</docs>
      <footprints>
        <fp>DIP*W7.62mm*</fp>
      </footprints>
      <fields>
        <field name="Reference">U</field>
        <field name="Value">74HC74</field>
        <field name="Datasheet">74xx/74hc_hct74.pdf</field>
      </fields>
      <pins>
        <pin num="1" name="~{R}" type="input"/>
        <pin num="2" name="D" type="input"/>
        <pin num="3" name="C" type="input"/>
        <pin num="4" name="~{S}" type="input"/>
        <pin num="5" name="Q" type="output"/>
        <pin num="6" name="~{Q}" type="output"/>
        <pin num="7" name="GND" type="power_in"/>
        <pin num="8" name="~{Q}" type="output"/>
        <pin num="9" name="Q" type="output"/>
        <pin num="10" name="~{S}" type="input"/>
        <pin num="11" name="C" type="input"/>
        <pin num="12" name="D" type="input"/>
        <pin num="13" name="~{R}" type="input"/>
        <pin num="14" name="VCC" type="power_in"/>
      </pins>
    </libpart>
    <libpart lib="Connector" part="Conn_01x02_Pin">
      <description>Generic connector, single row, 01x02, script generated</description>
      <docs>~</docs>
      <footprints>
        <fp>Connector*:*_1x??_*</fp>
      </footprints>
      <fields>
        <field name="Reference">J</field>
        <field name="Value">Conn_01x02_Pin</field>
        <field name="Datasheet">~</field>
      </fields>
      <pins>
        <pin num="1" name="Pin_1" type="passive"/>
        <pin num="2" name="Pin_2" type="passive"/>
      </pins>
    </libpart>
    <libpart lib="Connector" part="Conn_01x03_Pin">
      <description>Generic connector, single row, 01x03, script generated</description>
      <docs>~</docs>
      <footprints>
        <fp>Connector*:*_1x??_*</fp>
      </footprints>
      <fields>
        <field name="Reference">J</field>
        <field name="Value">Conn_01x03_Pin</field>
        <field name="Datasheet">~</field>
      </fields>
      <pins>
        <pin num="1" name="Pin_1" type="passive"/>
        <pin num="2" name="Pin_2" type="passive"/>
        <pin num="3" name="Pin_3" type="passive"/>
      </pins>
    </libpart>
    <libpart lib="Device" part="C">
      <description>Unpolarized capacitor</description>
      <docs>~</docs>
      <footprints>
        <fp>C_*</fp>
      </footprints>
      <fields>
        <field name="Reference">C</field>
        <field name="Value">C</field>
        <field name="Datasheet">~</field>
      </fields>
      <pins>
        <pin num="1" name="" type="passive"/>
        <pin num="2" name="" type="passive"/>
      </pins>
    </libpart>
    <libpart lib="Device" part="C_Polarized">
      <description>Polarized capacitor</description>
      <docs>~</docs>
      <footprints>
        <fp>CP_*</fp>
      </footprints>
      <fields>
        <field name="Reference">C</field>
        <field name="Value">C_Polarized</field>
        <field name="Datasheet">~</field>
      </fields>
      <pins>
        <pin num="1" name="" type="passive"/>
        <pin num="2" name="" type="passive"/>
      </pins>
    </libpart>
    <libpart lib="Device" part="LED">
      <description>Light emitting diode</description>
      <docs>~</docs>
      <footprints>
        <fp>LED*</fp>
        <fp>LED_SMD:*</fp>
        <fp>LED_THT:*</fp>
      </footprints>
      <fields>
        <field name="Reference">D</field>
        <field name="Value">LED</field>
        <field name="Datasheet">~</field>
      </fields>
      <pins>
        <pin num="1" name="K" type="passive"/>
        <pin num="2" name="A" type="passive"/>
      </pins>
    </libpart>
    <libpart lib="Device" part="R">
      <description>Resistor</description>
      <docs>~</docs>
      <footprints>
        <fp>R_*</fp>
      </footprints>
      <fields>
        <field name="Reference">R</field>
        <field name="Value">R</field>
        <field name="Datasheet">~</field>
      </fields>
      <pins>
        <pin num="1" name="" type="passive"/>
        <pin num="2" name="" type="passive"/>
      </pins>
    </libpart>
  </libparts>
  <libraries>
    <library logical="74xx">
      <uri>C:\Users\brejc\Documents\002_Skola\B0B13KEO\2023\ukazkovy_projekt/../lib/kicad-symbols/74xx.kicad_sym</uri>
    </library>
    <library logical="Connector">
      <uri>C:\Users\brejc\Documents\002_Skola\B0B13KEO\2023\ukazkovy_projekt/../lib/kicad-symbols/Connector.kicad_sym</uri>
    </library>
    <library logical="Device">
      <uri>C:\Users\brejc\Documents\002_Skola\B0B13KEO\2023\ukazkovy_projekt/../lib/kicad-symbols/Device.kicad_sym</uri>
    </library>
  </libraries>
  <nets>
    <net code="1" name="+5V">
      <node ref="C1" pin="1" pintype="passive"/>
      <node ref="C2" pin="1" pintype="passive"/>
      <node ref="J1" pin="1" pinfunction="Pin_1" pintype="passive"/>
      <node ref="R1" pin="1" pintype="passive"/>
      <node ref="R2" pin="1" pintype="passive"/>
      <node ref="U1" pin="14" pinfunction="VCC" pintype="power_in"/>
    </net>
    <net code="2" name="/FB_D1">
      <node ref="U1" pin="2" pinfunction="D" pintype="input"/>
      <node ref="U1" pin="6" pinfunction="~{Q}" pintype="output"/>
    </net>
    <net code="3" name="/FB_D2">
      <node ref="R5" pin="1" pintype="passive"/>
      <node ref="U1" pin="12" pinfunction="D" pintype="input"/>
      <node ref="U1" pin="8" pinfunction="~{Q}" pintype="output"/>
    </net>
    <net code="4" name="/SIG+">
      <node ref="J2" pin="2" pinfunction="Pin_2" pintype="passive"/>
      <node ref="R6" pin="2" pintype="passive"/>
    </net>
    <net code="5" name="/SIG-">
      <node ref="J2" pin="1" pinfunction="Pin_1" pintype="passive"/>
      <node ref="R5" pin="2" pintype="passive"/>
    </net>
    <net code="6" name="GND">
      <node ref="C1" pin="2" pintype="passive"/>
      <node ref="C2" pin="2" pintype="passive"/>
      <node ref="D1" pin="1" pinfunction="K" pintype="passive"/>
      <node ref="D2" pin="1" pinfunction="K" pintype="passive"/>
      <node ref="J1" pin="3" pinfunction="Pin_3" pintype="passive"/>
      <node ref="U1" pin="7" pinfunction="GND" pintype="power_in"/>
    </net>
    <net code="7" name="Net-(D1-A)">
      <node ref="D1" pin="2" pinfunction="A" pintype="passive"/>
      <node ref="R3" pin="1" pintype="passive"/>
    </net>
    <net code="8" name="Net-(D2-A)">
      <node ref="D2" pin="2" pinfunction="A" pintype="passive"/>
      <node ref="R4" pin="1" pintype="passive"/>
    </net>
    <net code="9" name="Net-(J1-Pin_2)">
      <node ref="J1" pin="2" pinfunction="Pin_2" pintype="passive"/>
      <node ref="U1" pin="3" pinfunction="C" pintype="input"/>
    </net>
    <net code="10" name="Net-(U1A-Q)">
      <node ref="R3" pin="2" pintype="passive"/>
      <node ref="U1" pin="11" pinfunction="C" pintype="input"/>
      <node ref="U1" pin="5" pinfunction="Q" pintype="output"/>
    </net>
    <net code="11" name="Net-(U1A-~{R})">
      <node ref="R2" pin="2" pintype="passive"/>
      <node ref="U1" pin="1" pinfunction="~{R}" pintype="input"/>
      <node ref="U1" pin="13" pinfunction="~{R}" pintype="input"/>
    </net>
    <net code="12" name="Net-(U1A-~{S})">
      <node ref="R1" pin="2" pintype="passive"/>
      <node ref="U1" pin="10" pinfunction="~{S}" pintype="input"/>
      <node ref="U1" pin="4" pinfunction="~{S}" pintype="input"/>
    </net>
    <net code="13" name="Net-(U1B-Q)">
      <node ref="R4" pin="2" pintype="passive"/>
      <node ref="R6" pin="1" pintype="passive"/>
      <node ref="U1" pin="9" pinfunction="Q" pintype="output"/>
    </net>
  </nets>
</export>
